,count,mean,std,min,25%,50%,75%,max,skewness,kurtosis
age,70000.0,19468.865814285713,2467.2516672414013,10798.0,17664.0,19703.0,21327.0,23713.0,-0.3070553957245462,-0.8234468444820662
gender,70000.0,1.3495714285714286,0.47683801558286387,1.0,1.0,1.0,2.0,2.0,0.6309600518183327,-1.601935183402432
height,70000.0,164.35922857142856,8.210126364538038,55.0,159.0,165.0,170.0,250.0,-0.6421874521557642,7.943652579423712
weight,70000.0,74.20569,14.395756678511379,10.0,65.0,72.0,82.0,200.0,1.0120701082089067,2.586825450005624
ap_hi,70000.0,128.8172857142857,154.01141945609137,-150.0,120.0,120.0,140.0,16020.0,85.2962138555303,7580.074737720384
ap_lo,70000.0,96.63041428571428,188.47253029639026,-70.0,80.0,80.0,90.0,11000.0,32.11408283481688,1425.9145849479453
cholesterol,70000.0,1.3668714285714285,0.680250348699381,1.0,1.0,1.0,2.0,3.0,1.5871233955701594,0.9939014785357618
gluc,70000.0,1.226457142857143,0.572270276613845,1.0,1.0,1.0,1.0,3.0,2.397461810983349,4.2943772447456565
smoke,70000.0,0.08812857142857143,0.28348381676993517,0.0,0.0,0.0,0.0,1.0,2.905867441435154,6.444249707796849
alco,70000.0,0.053771428571428574,0.2255677036041049,0.0,0.0,0.0,0.0,1.0,3.9566065004040265,13.655125144655923
active,70000.0,0.8037285714285715,0.3971790635049283,0.0,1.0,1.0,1.0,1.0,-1.5294726109445855,0.3392961609893397
cardio,70000.0,0.4997,0.5000034814661862,0.0,0.0,0.0,1.0,1.0,0.001200025930994471,-2.0000557052028465
age_years,70000.0,53.3028495942114,6.754966919209859,29.56331279945243,48.36139630390144,53.94387405886379,58.390143737166326,64.92265571526352,-0.3070553957245482,-0.8234468444820648
bmi,70000.0,27.55651255127886,6.09151112338621,3.471783865673526,23.875114784205696,26.374068120774975,30.22222222222222,298.6666666666667,7.72842729668069,221.2162165313288
